History Length,Goal Distance,Top 5,Top 10,Top 25,Top 50,Average Rank
10,4,0.43137254901960786,0.5098039215686274,0.6274509803921569,0.7254901960784313,29.96078431372549
